Source,Connected To
cdu-b2lab2-0804,
cdu-b2lab2-0804/Outlet_01,
cdu-b2lab2-0804/Outlet_02,
cdu-b2lab2-0804/Outlet_03,
cdu-b2lab2-0804/Outlet_04,
cdu-b2lab2-0804/Outlet_05,
cdu-b2lab2-0804/Outlet_06,
cdu-b2lab2-0804/Outlet_07,
cdu-b2lab2-0804/Outlet_08,
cdu-b2lab2-0804/Outlet_09,
cdu-b2lab2-0804/Outlet_10,
cdu-b2lab2-0804/Outlet_11,
cdu-b2lab2-0804/Outlet_12,
cdu-b2lab2-0804/Outlet_13,
cdu-b2lab2-0804/Outlet_14,
cdu-b2lab2-0804/Outlet_15,
cdu-b2lab2-0804/Outlet_16,
cdu-b2lab2-0804/Outlet_17,
cdu-b2lab2-0804/Outlet_18,
cdu-b2lab2-0804/Outlet_19,
cdu-b2lab2-0804/Outlet_20,
cdu-b2lab2-0804/Outlet_21,
cdu-b2lab2-0804/Outlet_22,
cdu-b2lab2-0804/Outlet_23,
cdu-b2lab2-0804/Outlet_24,
cdu-b2lab2-0804/Outlet_25,
cdu-b2lab2-0804/Outlet_26,
cdu-b2lab2-0804/Outlet_27,
cdu-b2lab2-0804/Outlet_28,
cdu-b2lab2-0804/Outlet_29,
cdu-b2lab2-0804/Outlet_30,
cdu-b2lab2-0804/Outlet_31,
cdu-b2lab2-0804/Outlet_32,
cdu-b2lab2-0804/Outlet_33,
cdu-b2lab2-0804/Outlet_34,
cdu-b2lab2-0804/Outlet_35,
cdu-b2lab2-0804/Outlet_36,
cdu-b2lab2-0804/Outlet_37,
cdu-b2lab2-0804/Outlet_38,
cdu-b2lab2-0804/Outlet_39,
cdu-b2lab2-0804/Outlet_40,
cdu-b2lab2-0804/Outlet_41,
cdu-b2lab2-0804/Outlet_42,
cdu-b2lab2-0804/Outlet_43,
cdu-b2lab2-0804/Outlet_44,
cdu-b2lab2-0804/Outlet_45,
cdu-b2lab2-0804/Outlet_46,
cdu-b2lab2-0804/Outlet_47,
cdu-b2lab2-0804/Outlet_48,
cdu-b2lab2-0804/Outlet_49,
cdu-b2lab2-0804/Outlet_50,
cdu-b2lab2-0804/Outlet_51,
cdu-b2lab2-0804/Outlet_52,
cdu-b2lab2-0804/Outlet_53,
cdu-b2lab2-0804/Outlet_54,
cdu-b2lab2-0804/Outlet_55,
cdu-b2lab2-0804/Outlet_56,
cdu-b2lab2-0804/Outlet_57,
cdu-b2lab2-0804/Outlet_58,
cdu-b2lab2-0804/Outlet_59,
cdu-b2lab2-0804/Outlet_60,
 
